Area,Company,Location,Survey,Contact,In Service,Work Order,Technician,Date,Target Current,AF Taps/Rheo,AF Voltage,AF  Amps,AF Circuit #1 Amps,AF Circuit #2 Amps,AF Circuit #3 Amps,AL Taps/Rheo,AL Voltage,AL Amps,AL Circuit #1 Amps,AL Circuit #2 Amps,AL Circuit #3 Amps,Circuit Resistance,Deficiency,In target,Materials Used,Notes,Model,Serial No,Rectifier 1=poor 5= good ,Anodes 1=poor 5= good,Requires Replacement,Rectifie Anode info
Drayton Valley,Obsidian,01-25-52-13 W5M,Carrot Creek,K Titanich,FALSE,,,,,,,,,,,,,,,,,--,FALSE,,,,,,,,FALSE,
Drayton Valley,Obsidian,02-18-52-11 W5M,Carrot Creek,K Titanich,FALSE,,,,,,,,,,,,,,,,,--,FALSE,,,,,,,,FALSE,
Drayton Valley,Obsidian,02-21-52-12 W5M,Carrot Creek,K Titanich,True ,220254572,LG,18-Oct-22,2.0 - 4.0,A3,3.9,2.7,,,,A3,3.9,2.7,,,,1.44,FALSE,TRUE,,,,,3,4,FALSE,Older rectifier protecting OOS F/L's 
Drayton Valley,Obsidian,08-33-51-11 W5M,Carrot Creek,K Titanich,FALSE,,,,,,,,,,,,,,,,,--,FALSE,,,,,,,,FALSE,
Drayton Valley,Obsidian,10-35-52-13 W5M,Carrot Creek,K Titanich,FALSE,,,,,,,,,,,,,,,,,--,FALSE,,,,,,,,FALSE,
Drayton Valley,Obsidian,14-03-52-13 W5M,Carrot Creek,K Titanich,TRUE,220254572,LG,18-Oct-22,4.0 - 6.0,A4,6.8,5,,,,A4,6.8,5,,,,1.36,FALSE,TRUE,,,,,3,4,FALSE,Older rectifier protecting OOS Site and F/L's 
Drayton Valley,Obsidian,08-15-49-09 W5M,Cynthia East,K Titanich,TRUE,220167879,LG,19-Oct-22,8.0 - 10.0,B4,17.6,9.1,,,,B4,17.6,9.1,,,,1.93,FALSE,TRUE,,Key 2396,,,2,3,FALSE,"Older rectifier - active sites, Anodes depleting"
Drayton Valley,Obsidian,08-31-49-08 W5M,Cynthia East,K Titanich,TRUE,220167879,LG,19-Oct-22,6.5 - 7.5,B4,0,0,,,,B4,0,0,,,,--,TRUE,FALSE,,"April, July  2022, Site vandalized. Structure cable cut. No AC supply to site with blank Fortis meter. Obsidian in review process for possible reactivation",,,1,?,FALSE,"Rectifier gutted/destroyed by vandals, OOS site, OBE to confirm F/L's need protection or will they be abdn"
Drayton Valley,Obsidian,09-18-49-09 W5M,Cynthia East,K Titanich,TRUE,220167879,LG,19-Oct-22,8.0 - 10.0,B3,16.1,10,,,,B3,16.1,10,,,,1.61,FALSE,TRUE,,,,,5,3,FALSE,Rectifier newer
Drayton Valley,Obsidian,11-03-49-09 W5M,Cynthia East,K Titanich,TRUE,220167879,LG,19-Oct-22,11.0 - 13.0,B2,19,13.1,,,,B2,19,13.1,,,,1.45,FALSE,FALSE,,,,,5,4,FALSE,Rectifier newer
Drayton Valley,Obsidian,11-22-49-09 W5M,Cynthia East,K Titanich,TRUE,220167879,LG,19-Oct-22,15.0 - 20.0,C4,23.9,15.9,,,,C4,23.9,15.9,,,,1.5,FALSE,TRUE,,,,,2,3,FALSE,"Older rectifier - active sites, Anodes fair"
Drayton Valley,Obsidian,13-16-49-09 W5M,Cynthia East,K Titanich,TRUE,220167879,LG,19-Oct-22,7.0 - 8.0,C5,13.1,7.1,,,,C5,13.1,7.1,,,,1.85,FALSE,TRUE,,,,,3,3,FALSE,"Older rectifier - active sites, Anodes fair"
Drayton Valley,Obsidian,14-27-49-09 W5M,Cynthia East,K Titanich,TRUE,220167879,LG,19-Oct-22,5.0  - 7.0,A4,7.2,5.9,,,,A4,7.2,5.9,,,,1.22,FALSE,TRUE,,,,,3,4,FALSE,"Older rectifier - active sites, Anodes fair"
Drayton Valley,Obsidian,14-30-49-09 W5M,Cynthia East,K Titanich,TRUE,220167879,LG,19-Oct-22,9.0 - 11.0,C2,11.8,9.9,,,,C2,11.8,9.9,,,,1.19,FALSE,TRUE,,,,,5,4,FALSE,Rectifier newer
Drayton Valley,Obsidian,16-26-49-09 W5M,Cynthia East,K Titanich,FALSE,220167879,,,,,,,,,,,,,,,,--,FALSE,,,,,,,,FALSE,
Drayton Valley,Obsidian,16-29-49-09 W5M,Cynthia East,K Titanich,TRUE,220167879,LG,19-Oct-22,7.0 - 8.0,B2,7.8,4.1,,,,B2,7.8,4.1,,,,1.9,FALSE,FALSE,,,,,3,3,FALSE,"Older rectifier - active sites, Anodes depleting"
Drayton Valley,Obsidian,04-05-49-09 W5M ,Cynthia South,K Titanich,TRUE,220254591,LG,19-Oct-22,4.0 - 6.0,B2,8.5,5.8,,,,B2,8.4,5.5,,,,1.53,FALSE,TRUE,,,,,5,4,FALSE,Rectifier newer
Drayton Valley,Obsidian,06-06-49-09 W5M,Cynthia South,K Titanich,TRUE,220254591,LG,19-Oct-22,11.0 - 13.0,A5,10.9,12,,,,A5,10.9,12,,,,0.91,FALSE,TRUE,,,,,5,5,FALSE,Rectifier newer
Drayton Valley,Obsidian,09-07-49-09 W5M,Cynthia South,K Titanich,TRUE,220254591,LG,19-Oct-22,7.0 - 9.0,A4,9.1,8.2,,,,A4,9.1,8.2,,,,1.11,FALSE,TRUE,,,,,5,5,FALSE,Rectifier newer
Drayton Valley,Obsidian,04-27-49-10 W5M,Cynthia West,K Titanich,TRUE,220254606,LG,19-Oct-22,4.0 - 5.0,A4,6.5,4.1,,,,A4,6.5,4.1,,,,1.59,FALSE,TRUE,,,,,4,4,FALSE,"Older rectifier - active sites, Anodes fair"
Drayton Valley,Obsidian,05-25-49-10 W5M,Cynthia West,K Titanich,TRUE,220254606,LG,19-Oct-22,3.5 - 4.5,52%,19.5,3.9,,,,52%,19.5,3.9,,,,5,FALSE,TRUE,,,,,3,1,FALSE,"Older rectifier - active sites, Anodes depleting"
Drayton Valley,Obsidian,07-11-49-10 W5M,Cynthia West,K Titanich,TRUE,220254606,LG,19-Oct-22,5.0 - 6.0,A5,12.2,4.9,,,,A5,12.2,4.9,,,,2.49,FALSE,FALSE,,,,,2,2,FALSE,"Older rectifier/poor - active sites, Anodes depleting"
Drayton Valley,Obsidian,09-09-49-10 W5M,Cynthia West,K Titanich,TRUE,220254606,LG,19-Oct-22,3.5 - 4.5,A5,9.2,0,,,,A4,6.7,3.8,,,,1.76,TRUE,TRUE,,"AF - Oct 2022 Volts and no Amps, CTL tested all and found poor anode post connection, AL - CTL repaired connection and turned rectifier down slightly. ",,,5,2,FALSE,"Rectifier newer fm 16-04-48-10, Anodes depleting "
Drayton Valley,Obsidian,10-14-49-10 W5M,Cynthia West,K Titanich,TRUE,220254606,LG,19-Oct-22,2.5 - 3.5,C2,7.5,3,,,,C2,7.5,3,,,,2.5,FALSE,TRUE,,,,,5,3,FALSE,"Rectifier newer, Anodes depleting "
Drayton Valley,Obsidian,06-11-48-10 W5M,Paddy Creek,K Titanich,TRUE,220254575,LG,20-Oct-22,7.0 - 8.0,B5,12.9,8.9,,,,B4,11.5,7.3,,,,1.58,FALSE,TRUE,,Oct 2022 - Adjust closer to target,,,2,3,FALSE,"Older rectifier - active sites, Anodes fair"
Drayton Valley,Obsidian,06-16-48-10 W5M,Paddy Creek,K Titanich,TRUE,220254575,LG,20-Oct-22,8.0 - 10.0,C1,12.8,9.7,7.7,2,,C1,12.8,9.7,7.7,2,,1.32,FALSE,TRUE,,,,,2,4,FALSE,"Older rectifier - active sites, Anodes fair, Can this be put OOS with 08-16-48-10 protection?"
Drayton Valley,Obsidian,06-23-48-10 W5M,Paddy Creek,K Titanich,TRUE,220254575,LG,20-Oct-22,10.0 - 12.0,B2,16.4,12.1,,,,B2,16.4,12.1,,,,1.36,FALSE,FALSE,,,,,4,4,FALSE,"Older rectifier - OOS site, flow thru only-also protected by 08-15, Anodes fair"
Drayton Valley,Obsidian,08-04-49-10 W5M,Paddy Creek,K Titanich,TRUE,220254575,LG,20-Oct-22,5.0 - 7.0,B2,9.6,6.2,,,,B2,9.6,6.2,,,,1.55,FALSE,TRUE,,,,,5,4,FALSE,"Rectifier newer - active sites, Anodes fair"
Drayton Valley,Obsidian,08-13-48-10 W5M,Paddy Creek,K Titanich,FALSE,220254575,,,,,,,,,,,,,,,,--,FALSE,,,,,,,,FALSE,
Drayton Valley,Obsidian,08-15-48-10 W5M,Paddy Creek,K Titanich,TRUE,220254575,LG,20-Oct-22,10.0 - 12.0,B1,10.7,9.9,,,,B1,10.7,9.9,,,,1.08,FALSE,FALSE,,,,,3,5,FALSE,Older rectifier - active sites
Drayton Valley,Obsidian,08-16-48-10 W5M,Paddy Creek,K Titanich,TRUE,220254575,LG,20-Oct-22,7.0 - 9.0,B5,39.7,4.7,,,,C1,43.8,5.1,,,,8.59,FALSE,FALSE,,Oct 2022 - Adjust closer to target,,,4,1,FALSE,"Older rectifier - active sites, Anodes depleted "
Drayton Valley,Obsidian,08-33-48-10W5M,Paddy Creek,K Titanich,TRUE,220254575,LG,20-Oct-22,14.0- 16.0,B3,13.8,14.8,,,,B3,13.8,14.8,,,,0.93,FALSE,TRUE,,,,,4,5,FALSE,Rectifier newer
Drayton Valley,Obsidian,08-34-48-10 W5M,Paddy Creek,K Titanich,FALSE,,,,,,,,,,,,,,,,,--,FALSE,,,,,,,,FALSE,
Drayton Valley,Obsidian,09-09-48-10 W5M,Paddy Creek,K Titanich,TRUE,220254575,LG,20-Oct-22,10.0 - 12.0,B1,11,10.8,,,,B1,11,10.8,,,,1.02,FALSE,TRUE,,,,,4,5,FALSE,Rectifier newer
Drayton Valley,Obsidian,11-20-48-10 W5M,Paddy Creek,K Titanich,TRUE,220254575,LG,20-Oct-22,7.0 - 9.0,C5,26.8,7.9,,,,C5,26.8,7.9,,,,3.39,FALSE,TRUE,,,,,2,2,FALSE,"Older rectifier/poor - active sites, Anodes depleting"
Drayton Valley,Obsidian,11-26-48-10 W5M,Paddy Creek,K Titanich,TRUE,220254575,LG,20-Oct-22,10.0 - 12.0,B5,14.2,12,,,,B5,14.2,12,,,,1.18,FALSE,TRUE,,,,,5,5,FALSE,Rectifier newer
Drayton Valley,Obsidian,14-16-48-10 W5M,Paddy Creek,K Titanich,TRUE,220254575,LG,20-Oct-22,7.0 - 9.0,B4,9.9,8.1,,,,B4,9.9,8.1,,,,1.22,FALSE,TRUE,,,,,5,5,FALSE,"Newer rectifier - active sites, Anodes fair, Can this be put OOS with 08-16-48-10 protection?"
Drayton Valley,Obsidian,14-35-48-10 W5M,Paddy Creek,K Titanich,TRUE,220254575,LG,20-Oct-22,28.0 - 30.0,B2,16.1,28.8,,,,B2,16.1,28.8,,,,0.56,FALSE,TRUE,,,,,5,5,FALSE,Rectifier newer
Drayton Valley,Obsidian,16-04-48-10 W5M,Paddy Creek,K Titanich,FALSE,,,,,,,,,,,,,,,,,--,FALSE,,,,,,,,FALSE,
Drayton Valley,Obsidian,16-10-48-10 W5M,Paddy Creek,K Titanich,FALSE,,,,,,,,,,,,,,,,,--,FALSE,,,,,,,,FALSE,
Drayton Valley,Obsidian,16-14-48-10 W5M,Paddy Creek,K Titanich,FALSE,,,,,,,,,,,,,,,,,--,FALSE,,,,,,,,FALSE,
Drayton Valley,Obsidian,16-27-48-10 W5M,Paddy Creek,K Titanich,TRUE,220254575,LG,20-Oct-22,10.0 - 12.0,B4,13.9,8.7,2.9,6,,B5,15.2,9.9,3.2,6.7,,1.54,FALSE,FALSE,,Oct 2022 - Adjust closer to target,,,3,3,FALSE,"Older rectifier - active sites, Anodes fair"
Drayton Valley,Obsidian,05-33-48-09 W5M,Panorama,K Titanich,TRUE,220254612,LG,20-Oct-22,4.0 - 5.0,B2,8.3,5.1,,,,B2,8.3,5.1,,,,1.63,FALSE,FALSE,,,,,2,5,FALSE,"Older rectifier - active sites, Anodes fair, Can this be put OOS with 08-32-48-09 protection?"
Drayton Valley,Obsidian,06-36-48-10 W5M,Panorama,K Titanich,TRUE,220254612,LG,19-Oct-22,11.0 - 13.0,B1,17.7,12,,,,B1,17.7,12,,,,1.48,FALSE,TRUE,,,,,2,4,FALSE,"Older rectifier - active sites, Anodes fair"
Drayton Valley,Obsidian,08-05-49-09 W5M,Panorama,K Titanich,TRUE,220254612,LG,20-Oct-22,11.0 - 12.0,D4,25.1,7.4,,,,D4,25.1,7.4,,,,3.39,TRUE,FALSE,,Oct 2022 - Suspect anodes are getting spent. OBE/CTL to review and confirm if this rectifier may be put OOS with support from 08-32 rectifier ,,,5,1,FALSE,"New rectifier - active sites, Anodes poor, Can this be put OOS with 08-32-48-09 protection?"
Drayton Valley,Obsidian,08-20-48-09 W5M,Panorama,K Titanich,TRUE,220254612,LG,20-Oct-22,8.0 - 10.0,B2,13,8.2,,,,B2,13,8.2,,,,1.59,FALSE,TRUE,,,,,4,3,FALSE,"Older rectifier - active sites, Anodes fair"
Drayton Valley,Obsidian,08-31-48-09 W5M,Panorama,K Titanich,TRUE,220254612,LG,19-Oct-22,11.0 - 13.0,A5,14.4,11.8,,,,A5,14.4,11.8,,,,1.22,FALSE,TRUE,,,,,2,4,FALSE,"Older rectifier - active sites, Anodes fair"
Drayton Valley,Obsidian,08-32-48-09 W5M,Panorama,K Titanich,TRUE,220254612,LG,20-Oct-22,12.0 - 13.0,B2,12.8,11.4,,,,B2,12.8,11.4,,,,1.12,FALSE,FALSE,,Next setting higher is 14A,,,5,5,FALSE,Rectifier newer
Drayton Valley,Obsidian,10-29-48-09 W5M,Panorama,K Titanich,TRUE,220254612,LG,20-Oct-22,10.0 - 12.0,C4,19.9,10.9,,,,C4,19.9,10.9,,,,1.83,FALSE,TRUE,,,,,1,3,FALSE,"Older rectifier - active sites, Anodes fair, Can this be put OOS with 08-32-48-09 protection?"
Drayton Valley,Obsidian,14-24-48-10 W5M,Panorama,K Titanich,TRUE,220254612,LG,20-Oct-22,10.0 - 13.0,A5,14.6,10.9,,,,A5,14.6,10.9,,,,1.34,TRUE,TRUE,,Jan 2022 - Rectifier wooden mount post is rotted Off.  Obsidian to install stand or replace post ,,,1,4,FALSE,"Older rectifier/poor - active sites, Anodes fair"
Drayton Valley,Obsidian,16-19-48-09 W5M,Panorama,K Titanich,TRUE,220254612,LG,20-Oct-22,9.0 - 11.0,B2,12.7,9.5,,,,B2,12.7,9.5,,,,1.34,FALSE,TRUE,,"July 2022, Adjust closer to target",,,5,4,FALSE,Rectifier newer
Drayton Valley,Obsidian,04-36-49-11 W5M,PCU 11,K Titanich,False ,,,,,,,,,,,,,,,,,--,FALSE,,,Operated by Vermilion Now ,,,,,FALSE,
Drayton Valley,Obsidian,06-02-50-10 W5M,PCU 11,K Titanich,False ,,,,,,,,,,,,,,,,,--,FALSE,,,Operated by Vermilion Now ,,,,,FALSE,
Drayton Valley,Obsidian,06-08-50-10 W5M,PCU 11,K Titanich,False ,,,,,,,,,,,,,,,,,--,FALSE,,,Operated by Vermilion Now ,,,,,FALSE,
Drayton Valley,Obsidian,06-23-49-11 W5M,PCU 11,K Titanich,False ,,,,,,,,,,,,,,,,,--,FALSE,,,Operated by Vermilion Now ,,,,,FALSE,
Drayton Valley,Obsidian,11-33-49-10 W5M,PCU 11,K Titanich,False ,,,,,,,,,,,,,,,,,--,FALSE,,,Operated by Vermilion Now ,,,,,FALSE,
Drayton Valley,Obsidian,16-17-49-10 W5M,PCU 11,K Titanich,False ,,,,,,,,,,,,,,,,,--,FALSE,,,Operated by Vermilion Now ,,,,,FALSE,
Drayton Valley,Obsidian,16-19-49-10 W5M,PCU 11,K Titanich,False ,,,,,,,,,,,,,,,,,--,FALSE,,,Operated by Vermilion Now ,,,,,FALSE,
Drayton Valley,Obsidian,02-24-50-12 W5M,Wolf Creek,K Titanich,TRUE,220254622,LG,18-Oct-22,7.0 - 9.0,B2,11.9,8.8,,,,B2,11.9,8.8,,,,1.35,FALSE,TRUE,,,,,4,4,FALSE,Rectifier newer
Drayton Valley,Obsidian,06-22-50-09 W5M,Bear Lake,Morley James ,TRUE,220260925,LG,19-Oct-22,12.0 - 14.0,B4,16.8,13.1,10,3.1,,B4,16.8,13.1,10,3.1,,1.28,FALSE,FALSE,,,,,4,4,FALSE,Rectifier newer
Drayton Valley,Obsidian,08-29-50-09 W5M,Bear Lake,Morley James ,FALSE,220260925,,,,,,,,,,,,,,,,--,FALSE,,,,,,,,FALSE,
Drayton Valley,Obsidian,04-10-52-08 W5M,Bigoray,Morley James ,TRUE,220260921,LG,18-Oct-22,9.0 - 11.0,C1,16.8,6.1,,,,C3,19.9,7.8,,,,2.55,FALSE,FALSE,,"Oct 2022 - Adjust closer to target, suspect piping change ",,,2,3,FALSE,"Older rectifier/poor - active sites, Anodes fair"
Drayton Valley,Obsidian,05-27-52-08 W5M,Bigoray,Morley James ,TRUE,220260921,LG,18-Oct-22,1.0 - 2.0,A2,0,0,,,,A2,0,0,,,,--,TRUE,FALSE,,"Oct 2022 - No AC to rectifier, OBE to send electrician to check AC fuses",,,4,3,FALSE,"Older rectifier-indoor good, active sites, Anodes fair"
Drayton Valley,Obsidian,06-12-52-09 W5M,Bigoray,Morley James ,TRUE,220260921,LG,18-Oct-22,4.0 - 6.0,A2,9.4,4.8,,,,A2,9.4,4.8,,,,1.96,FALSE,TRUE,,,,,5,3,FALSE,"Newer rectifier - active sites, Anodes fair"
Drayton Valley,Obsidian,06-28-51-08 W5M,Bigoray,Morley James ,TRUE,220260921,LG,18-Oct-22,15.0 - 17.5.0,B1,16.6,17,,,,B1,16.6,17,,,,0.98,FALSE,TRUE,,,,,5,5,FALSE,Rectifier newer
Drayton Valley,Obsidian,10-15-52-08 W5M,Bigoray,Morley James ,TRUE,220260921,LG,18-Oct-22,16.0 - 18.0,C3,16.5,18.7,,,,C2,15.1,16.7,,,,0.9,FALSE,TRUE,,Oct 2022 - Adjust closer to target,,,2,5,FALSE,"Older rectifier - active sites, Anodes good"
Drayton Valley,Obsidian,10-30-51-08 W5M,Bigoray,Morley James ,TRUE,220260921,LG,18-Oct-22,10.0 - 12.0,B3,12.9,10.2,10,0.2,,B3,12.9,10.2,10,0.2,,1.26,FALSE,TRUE,,,,,3,4,FALSE,Rectifier newer
Drayton Valley,Obsidian,13-01-52-09 W5M,Bigoray,Morley James ,TRUE,220260921,LG,18-Oct-22,5.0 - 7.0,A3,6.8,6.5,5.2,1.3,,A3,6.8,6.5,5.2,1.3,,1.05,FALSE,TRUE,,,,,5,5,FALSE,"Newer rectifier - active sites, Anodes good, Can this be put OOS with 06-12-52-09 protection?"
Drayton Valley,Obsidian,13-09-52-08 W5M,Bigoray,Morley James ,TRUE,220260921,LG,18-Oct-22,14.0 - 16.0,B2,35,19.4,,,,B1,30,16.3,,,,1.84,FALSE,FALSE,,"Oct 2022 - Adjust closer to target, suspect piping change ",,,5,3,FALSE,"Newer rectifier - active sites, Anodes fair"
Drayton Valley,Obsidian,14-11-52-09 W5M,Bigoray,Morley James ,TRUE,220260921,LG,18-Oct-22,12.0 - 14.0,B5,13.7,13.9,,,,B5,13.7,13.9,,,,0.99,FALSE,TRUE,,,,,5,5,FALSE,Rectifier newer
Drayton Valley,Obsidian,01-32-50-10 W5M,Bigoray Nisku,Morley James ,FALSE,,,,,,,,,,,,,,,,,--,FALSE,,,,,,,,FALSE,
Drayton Valley,Obsidian,02-06-50-09 W5M,Bigoray Nisku,Morley James ,TRUE,220261938,LG,19-Oct-22,3.5.0 - 4.5.0,B2,9.6,4.2,,,,B2,9.6,4.2,,,,2.29,FALSE,TRUE,,,,,4,3,FALSE,"Newer rectifier - active sites, Anodes fair"
Drayton Valley,Obsidian,06-11-51-10 W5M,Bigoray Nisku,Morley James ,True ,220261938,LG,19-Oct-22,4.5 - 5.5,A5,5,5.4,,,,A5,5,5.4,,,,0.93,FALSE,TRUE,,Influenced by 06-25,,,5,5,FALSE,Rectifier newer
Drayton Valley,Obsidian,06-25-50-10 W5M,Bigoray Nisku,Morley James ,TRUE,se,LG,19-Oct-22,12.0 - 14.0,B2,20.2,7,,,,B5,29,11.3,,,,2.57,FALSE,FALSE,,Extreme dry ground conditions,,,5,3,FALSE,"Newer rectifier - active sites, Anodes fair"
Drayton Valley,Obsidian,102/14-26-51-09 W5M,Bigoray Nisku,Morley James ,FALSE,,,,,,,,,,,,,,,,,--,FALSE,,,,,,,,FALSE,
Drayton Valley,Obsidian,12-02-51-10 W5M,Bigoray Nisku,Morley James ,FALSE,,,,,,,,,,,,,,,,,--,FALSE,,,,,,,,FALSE,
Drayton Valley,Obsidian,12-11-51-10 W5M,Bigoray Nisku,Morley James ,FALSE,,,,,,,,,,,,,,,,,--,FALSE,,,,,,,,FALSE,
Drayton Valley,Obsidian,13-04-51-09 W5M,Bigoray Nisku,Morley James ,FALSE,,,,,,,,,,,,,,,,,--,FALSE,,,,,,,,FALSE,
Drayton Valley,Obsidian,14-02-50-10 W5M,Bigoray Nisku,Morley James ,TRUE,220261938,LG,19-Oct-22,5.0 - 6.0,B3,15,6.3,,,,B3,15,6.3,,,,2.38,FALSE,FALSE,,,,,5,3,FALSE,"Newer rectifier - active sites, Anodes fair"
Drayton Valley,Obsidian,15-04-51-09 W5M,Bigoray Nisku,Morley James ,FALSE,,,,,,,,,,,,,,,,,--,FALSE,,,,,,,,FALSE,
Drayton Valley,Obsidian,06-08-50-08 W5M,Easyford,Morley James ,TRUE,,LG,19-Oct-22,10.0 - 12.0,B4,12.2,10.2,,,,B4,12.2,10.2,,,,1.2,FALSE,TRUE,,,,,3,4,FALSE,Site OOS- rectifier fair
Drayton Valley,Obsidian,11-13-50-08 W5M,Easyford,Morley James ,FALSE,,,,,,,,,,,,,,,,,--,FALSE,,,,,,,,FALSE,
Drayton Valley,Obsidian,16-03-50-08 W5M,Easyford,Morley James ,TRUE,,LG,19-Oct-22,10.0 - 12.0,C5,21.4,10.2,,,,C5,21.4,10.2,,,,2.1,FALSE,TRUE,,,,,4,2,FALSE,"Newer rectifier - active sites, Anodes depleting"
Drayton Valley,Obsidian,16-12-50-09 W5M,Easyford,Morley James ,TRUE,,LG,19-Oct-22,10.0 - 12.0,C3,0,0,,,,C3,0,0,,,,--,TRUE,FALSE,,"Combo 2378, Also call landowner  Terry  1-403-650-4711 for access. Apr, July,Oct  2022. No A/C Power to rectifier, Fortis meter blank. Power pole is down near retifier. Obsidian to confirm to CTL if AC is OFF permanently now ",,,2,4,FALSE,"OOS, Unknown action"
Drayton Valley,Obsidian,01-08-50-07 W5M,Lobstick Cardium Unit,Morley James ,TRUE,220260898,LG,19-Oct-22,9.0 - 11.0,B1,10.7,9.2,,,,B1,10.7,9.3,,,,1.15,FALSE,TRUE,,,,,5,5,FALSE,"Newer rectifier - active sites, Anodes good"
Drayton Valley,Obsidian,04-13-50-07 W5M,Lobstick Cardium Unit,Morley James ,TRUE,220260898,LG,19-Oct-22,6.0 - 8.0,B1,7.9,7.6,,,,B1,7.9,7.6,,,,1.04,FALSE,TRUE,,,,,5,5,FALSE,"Newer rectifier - active sites, Anodes good"
Drayton Valley,Obsidian,06-02-50-07 W5M,Lobstick Cardium Unit,Morley James ,False ,220260898,LG,19-Oct-22,13.0 - 15.0,A3,0,0,,,,A3,0,0,,,,--,FALSE,FALSE,,OOS - No AC as Per Obsidfian,,,,,FALSE,
Drayton Valley,Obsidian,06-07-50-07 W5M,Lobstick Cardium Unit,Morley James ,TRUE,220260898,LG,19-Oct-22,5.0 - 6.0,B2,8.4,5.3,,,,B2,8.4,5.3,,,,1.58,FALSE,TRUE,,Key 3753,,,5,4,FALSE,"Newer rectifier - active sites, Anodes fair"
Drayton Valley,Obsidian,06-15-50-07 W5M,Lobstick Cardium Unit,Morley James ,TRUE,220260898,LG,19-Oct-22,7.0 - 9.0,C2,23.9,7.5,,,,C2,23.9,7.5,,,,3.19,FALSE,TRUE,,,,,4,1,FALSE,"Newer rectifier - active sites, Anodes depleting"
Drayton Valley,Obsidian,08-17-50-07 W5M,Lobstick Cardium Unit,Morley James ,TRUE,220260898,LG,19-Oct-22,8.0 - 10.0,A5,8.7,8.7,,,,A5,8.7,8.7,,,,1,FALSE,TRUE,,,,,5,5,FALSE,"Newer rectifier - active sites, Anodes good"
Drayton Valley,Obsidian,09-33-49-07 W5M,Lobstick Cardium Unit,Morley James ,TRUE,220260898,LG,19-Oct-22,7.0 - 9.0,B3,11.5,7.9,,,,B3,11.5,7.9,,,,1.46,FALSE,TRUE,,,,,5,5,FALSE,"Newer rectifier - active sites, Anodes good"
Drayton Valley,Obsidian,10-06-50-07 W5M,Lobstick Cardium Unit,Morley James ,TRUE,220260898,LG,19-Oct-22,8.0 - 10.0,B5,12.1,8,,,,B5,12.1,8,,,,1.51,FALSE,TRUE,,,,,5,4,FALSE,"Newer rectifier - active sites, Anodes fair"
Drayton Valley,Obsidian,11-01-50-07 W5M,Lobstick Cardium Unit,Morley James ,TRUE,220260898,LG,19-Oct-22,8.5 - 10.5,B1,10.9,8.7,,,,B1,10.9,8.7,,,,1.25,FALSE,TRUE,,Combo 3534,,,5,5,FALSE,"Newer rectifier - active sites, Anodes good"
Drayton Valley,Obsidian,11-25-49-07 W5M,Lobstick Cardium Unit,Morley James ,TRUE,220260898,LG,19-Oct-22,7.0 - 9.0,A4,7,7.1,,,,A4,7,7.1,,,,0.99,FALSE,TRUE,,,,,5,5,FALSE,"Newer rectifier - active sites, Anodes good"
Drayton Valley,Obsidian,13-03-50-07 W5M,Lobstick Cardium Unit,Morley James ,TRUE,220260898,LG,19-Oct-22,7.0 - 9.0,A5,8.6,8.3,,,,A5,8.6,8.3,,,,1.04,FALSE,TRUE,,,,,5,5,FALSE,"Newer rectifier - active sites, Anodes good"
Drayton Valley,Obsidian,14-03-50-07 W5M,Lobstick Cardium Unit,Morley James ,TRUE,220260898,LG,19-Oct-22,15.0 - 17.0,B2,11.8,15.1,,,,B2,11.8,15.1,,,,0.78,FALSE,TRUE,,,,,4,4,FALSE,"Newer rectifier - active sites, Anodes fair"
Drayton Valley,Obsidian,16-01-50-07 W5M,Lobstick Cardium Unit,Morley James ,TRUE,220260898,LG,19-Oct-22,4.0 - 6.0,B1,8.1,5.1,,,,B1,8.1,5.1,,,,1.59,FALSE,TRUE,,,,,5,4,FALSE,"Newer rectifier - active sites, Anodes fair"
Drayton Valley,Obsidian,06-15-50-08 W5M,Lobstick Glauc Unit,Morley James ,TRUE,220260928,LG,19-Oct-22,5.0 - 6.0,C3,24.6,4.8,,,,C4,26.5,5.1,,,,5.2,FALSE,TRUE,,Oct 2022 - Adjust closer to target,,,3,1,FALSE,"Fair older rectifier - active sites, Anodes depleted"
Drayton Valley,Obsidian,09-17-50-07 W5M,Lobstick Glauc Unit,Morley James ,TRUE,220260928,LG,19-Oct-22,18.0 - 20.0,C4,16.4,18.9,,,,C4,16.4,18.9,,,,0.87,FALSE,TRUE,,,,,5,5,FALSE,"Newer rectifier - active sites, Anodes good"
Drayton Valley,Obsidian,01-32-47-10 W5M,Lodgepole,Morley James ,TRUE,220260931,LG,20-Oct-22,11.0 - 13.0,C1,16.2,10.9,,,,C1,16.2,10.9,,,,1.49,FALSE,FALSE,,,,,,,FALSE,
Drayton Valley,Obsidian,04-21-47-09 W5M,Lodgepole,Morley James ,TRUE,220260931,LG,20-Oct-22,18.0 - 20.0,B1,15.9,18,,,,B1,15.9,18,,,,0.88,FALSE,TRUE,,,,,5,5,FALSE,"Newer rectifier - active sites, Anodes good"
Drayton Valley,Obsidian,04-34-47-09 W5M,Lodgepole,Morley James ,TRUE,220260931,LG,20-Oct-22,12.0 - 14.0,B5,15.2,15.1,,,,B4,13.8,13.3,,,,1.04,FALSE,TRUE,,Oct 2022 - Adjust closer to target,,,5,3,FALSE,"Newer rectifier - active sites, Anodes fair"
Drayton Valley,Obsidian,06-01-47-10 W5M,Lodgepole,Morley James ,TRUE,220260931,LG,20-Oct-22,2.0 - 3.0,TEG,15.2,3.8,,,,TEG,15.2,3.8,,,,4,False ,TRUE,,,,,5,3,FALSE,"Newer rectifier - active sites, Anodes fair"
Drayton Valley,Obsidian,06-15-47-09 W5M,Lodgepole,Morley James ,TRUE,220260931,LG,20-Oct-22,14.0 - 16.0,B3,14.4,10.3,,,,B5,18.3,13.3,,,,1.38,FALSE,FALSE,,Oct 2022 - Adjust closer to target,,,5,3,FALSE,"Newer rectifier - active sites, Anodes fair"
Drayton Valley,Obsidian,06-16-47-10 W5M,Lodgepole,Morley James ,TRUE,220260931,LG,20-Oct-22,3.0 - 5.0,B2,13.1,3.5,2.3,1.2,,B2,13.1,3.5,2.3,1.2,,3.74,FALSE,TRUE,,,,,3,2,FALSE,"Fair older rectifier - active sites, Anodes depleting"
Drayton Valley,Obsidian,09-26-47-09 W5M,Lodgepole,Morley James ,TRUE,220260931,LG,20-Oct-22,18.0 - 20.0,15,16,17.6,,,,15,16,17.6,,,,0.91,FALSE,FALSE,,Next fine setting 18.4A,,,1,4,FALSE,"Older rectifier/poor - active sites, Anodes fair"
Drayton Valley,Obsidian,09-27-47-09 W5M,Lodgepole,Morley James ,TRUE,220260931,LG,20-Oct-22,12.0 - 14.0,15,13.8,14.8,,,,15,13.8,14.8,,,,0.93,FALSE,FALSE,,Next fine setting 11.2A,,,1,4,FALSE,"Older rectifier/poor - active sites, Anodes fair"
Drayton Valley,Obsidian,11-24-47-10 W5M,Lodgepole,Morley James ,TRUE,220260931,LG,20-Oct-22,13.0 - 15.0,B1,10.4,14.7,,,,B1,10.4,14.7,,,,0.71,FALSE,TRUE,,,,,5,4,FALSE,"Newer rectifier - active sites, Anodes fair"
Drayton Valley,Obsidian,12-06-48-09 W5M,Lodgepole,Morley James ,TRUE,220260931,LG,20-Oct-22,20.0 - 22.0,B4,24.7,21.9,,,,B4,24.2,21.2,,,,1.14,FALSE,TRUE,,,,,5,4,FALSE,"Newer rectifier - active sites, Anodes fair"
Drayton Valley,Obsidian,16-05-48-09 W5M,Lodgepole,Morley James ,TRUE,220260931,LG,20-Oct-22,4.0 - 6.0,C4,20.7,3.7,,,,D1,25.9,4.1,,,,6.32,FALSE,TRUE,,Oct 2022 - Adjust closer to target,,,1,1,FALSE,"#1concern, rectifier old/poor condition, anodes depleted"
Drayton Valley,Obsidian,10-22-51-08 W5M,Moon Lake,Morley James ,TRUE,220260922,LG,18-Oct-22,20.0 - 22.0,C5,36,20.9,,,,C5,36,20.9,,,,1.72,FALSE,TRUE,,Combo 1801,,,5,3,FALSE,"Newer rectifier - active sites, Anodes fair"
Drayton Valley,Obsidian,10-27-51-08 W5M,Moon Lake,Morley James ,TRUE,220260922,LG,18-Oct-22,16.0 - 18.0,B5,24.2,15.6,,,,B5,24.2,15.6,,,,1.55,FALSE,FALSE,,"Combo 1st gate 1801, 2nd 1801",,,2,3,FALSE,"Old rectifier - active sites, Anodes fair"
Drayton Valley,Obsidian,06-08-47-06 W5M,Mountainview,Morley James ,TRUE,220261912,LG,18-Oct-22,24.0 - 26.0,B3,22,24.3,16.1,5.1,3.1,B3,22,24.3,16.1,5.1,3.1,0.91,FALSE,TRUE,,,,,1,4,FALSE,"Old/Poor rectifier - active sites, Anodes fair"
Drayton Valley,Obsidian,08-06-47-06 W5M,Mountainview,Morley James ,TRUE,220261912,LG,18-Oct-22,6.0 - 8.0,C,16,7.2,,,,C,16,7.2,,,,2.22,FALSE,TRUE,,,,,5,4,FALSE,"Newer rectifier - active sites, Anodes fair"
Drayton Valley,Obsidian,08-20-47-06 W5M,Mountainview,Morley James ,TRUE,220261912,LG,18-Oct-22,10.0 - 12.0,B4,12.6,10.2,,,,B4,12.6,10.2,,,,1.24,FALSE,TRUE,,,,,5,4,FALSE,"Newer rectifier - active sites, Anodes fair"
Drayton Valley,Obsidian,06-01-49-09 W5M,Pilot,Morley James ,TRUE,220260949,LG,12-Oct-22,7.0 - 8.0,B3,13.2,7.3,7.1,0.2,,B3,13.2,7.3,7.1,0.2,,1.81,FALSE,TRUE,,,,,4,4,FALSE,"Newer rectifier - active sites, Anodes fair"
Drayton Valley,Obsidian,06-12-49-09 W5M,Pilot,Morley James ,TRUE,220260949,LG,12-Oct-22,4.0 - 5.0,B2,1.4,0.3,,,,B2,1.4,0.3,,,,4.67,TRUE,FALSE,,"Combo 6554, July/Oct 2022 - Only 22V AC supply to rectifier.  Obsidian to send electrician to check fuses.  N/R until full AC is supplied ",,,1,4,FALSE,"Old/Poor rectifier - OOS sites, Anodes fair"
Drayton Valley,Obsidian,06-25-48-09 W5M,Pilot,Morley James ,TRUE,220260949,LG,12-Oct-22,9.0 - 10.0,B2,0,0,,,,B2,0,0,,,,--,TRUE,FALSE,,"No AC supply to site or at Fortis meter, Fortis fuses open on pole. Obsidian to confirm if AC is permanently OFF here ",,,3,4,FALSE,Site OOS?
Drayton Valley,Obsidian,06-26-48-09 W5M,Pilot,Morley James ,FALSE,220260949,,,,,,,,,,,,,,,,--,FALSE,,,,,,,,FALSE,
Drayton Valley,Obsidian,09-03-48-09 W5M,Pilot,Morley James ,TRUE,220260949,LG,12-Oct-22,8.0 - 9.0,B5,12.9,8.4,,,,B5,12.9,8.4,,,,1.54,FALSE,TRUE,,,,,1,3,FALSE,"Old/Poor rectifier - Active sites, Anodes fair"
Drayton Valley,Obsidian,09-14-48-09 W5M,Pilot,Morley James ,TRUE,220260949,LG,12-Oct-22,13.0 - 16.0,B2,11.9,14.8,,,,B2,11.9,14.8,,,,0.8,FALSE,TRUE,,,,,4,5,FALSE,"Newer rectifier - active sites, Anodes fair"
Drayton Valley,Obsidian,09-15-48-09 W5M,Pilot,Morley James ,TRUE,220260949,LG,12-Oct-22,10.0 - 13.0,C1,22.1,11.9,,,,C1,22.1,11.9,,,,1.86,FALSE,TRUE,,,,,4,3,FALSE,"Newer rectifier - active sites, Anodes fair - Sandy"
Drayton Valley,Obsidian,12-22-48-09 W5M,Pilot,Morley James ,TRUE,220260949,LG,12-Oct-22,2.0 - 4.0,A2,5.2,3.6,,,,A2,5.2,3.6,,,,1.44,FALSE,TRUE,,,,,2,3,FALSE,"Old/Poor rectifier - OOS sites, Anodes fair"
Drayton Valley,Obsidian,15-27-48-09 W5M,Pilot,Morley James ,FALSE,220260949,LG,,,,,,,,,,,,,,,,,,,Rectifier Available Oct 2022 - Fortis meter removed. No AC to site ,,,Rectifier ,N/A,FALSE,Rectifier available 
Drayton Valley,Obsidian,02-07-49-11 W5M,Rat Creek ,K Titanich,TRUE,220260944,LG,20-Oct-22,8.0 - 10.0,B2,12.6,9.4,,,,B2,12.6,9.4,,,,1.34,FALSE,TRUE,,,,,4,3,FALSE,"Newer rectifier - active sites, Anodes fair"
Drayton Valley,Obsidian,05-14N-49-13 W5M,Rat Creek (Brazeau),K Titanich,TRUE,220260944,LG,18-Oct-22,7.0 - 9.0,C1,21.1,8.2,,,,D3,35,14.3,,,,2.45,FALSE,FALSE,,,,,4,2,FALSE,"Newer rectifier - active sites, Anodes depleting"
Drayton Valley,Obsidian,07-12-49-13 W5M,Rat Creek (Brazeau),K Titanich,FALSE,,,,,,,,,,,,,,,,,--,FALSE,,,,,,,,FALSE,
Drayton Valley,Obsidian,07-12-49-13 W5M,Rat Creek (Brazeau),K Titanich,FALSE,,,,,,,,,,,,,,,,,--,FALSE,,,,,,,,FALSE,
Drayton Valley,Obsidian,11-22-49-12 W5M,Rat Creek (Brazeau),K Titanich,TRUE,220260944,LG,20-Oct-22,30.0 - 34.0,E1,44.5,4.1,0.9,0.8,1,E1,44.5,4.1,0.9,0.8,1,10.85,FALSE,FALSE,,"Keyera rectifier, Target set by Keyera ",,,3,1,FALSE,Keyera owned  
Drayton Valley,Obsidian,11-22-49-12 W5M,Rat Creek (Brazeau),K Titanich,TRUE,220260944,LG,20-Oct-22,,Curcuit 4-6,,,0.1,0.8,0.6,Curcuit 4-6,,,0.1,0.8,0.6,--,FALSE,FALSE,,Suspect anodes are depleteing,,,3,1,FALSE,Keyera owned  
Drayton Valley,Obsidian,16-35-48-12 W5M,Rat Creek (Brazeau),K Titanich,FALSE,,,,,,,,,,,,,,,,,--,FALSE,,,,,,,,FALSE,
Drayton Valley,Obsidian,11-11-49-12 W5M,Rat Creek (Brazeau) ,K Titanich,True ,220260944,LG,20-Oct-22,14.0 - 16.0,B1,13.7,13.9,,,,B1,13.7,13.9,,,,0.99,FALSE,FALSE,,Oct 2022 - Header upgrade in progress,,,5,5,FALSE,"Newer rectifier - active sites, Anodes good"
Drayton Valley,Obsidian,06-16-47-08 W5M,Rosecreek,Morley James ,TRUE,220261921,LG,18-Oct-22,4.0 - 6.0,70%,35.3,2,,,,70%,35.3,2,,,,17.65,FALSE,FALSE,,"June 2022, Adjust closer to target",,,3,2,FALSE,"Older rectifier-good, New anodes - river gravel bed"
Drayton Valley,Obsidian,08-15-47-08 W5M,Rosecreek,Morley James ,TRUE,220261921,LG,18-Oct-22,15.0 - 17.0,B3,22,16,,,,B3,22,16,,,,1.38,FALSE,TRUE,,Max Rectifier Rating 22A,,,3,3,FALSE,"Older rectifier-good, Site OOS, anodes good"
Drayton Valley,Obsidian,08-34-46-08 W5M,Rosecreek,Morley James ,TRUE,220261921,LG,18-Oct-22,6.0 - 8.0,B1,10.3,7.2,,,,B1,10.3,7.2,,,,1.43,FALSE,TRUE,,,,,4,3,FALSE,"Newer rectifier - active sites, Anodes fair"
Drayton Valley,Obsidian,11-11-47-08 W5M,Rosecreek,Morley James ,TRUE,220261921,LG,18-Oct-22,28.0 - 30.0,C5,43.2,28.5,,,,C5,43.2,28.5,,,,1.52,FALSE,TRUE,,,,,4,2,FALSE,"Newer rectifier - active sites, Anodes fair"
Drayton Valley,Obsidian,14-31-46-07 W5M,Rosecreek,Morley James ,TRUE,220261921,LG,18-Oct-22,7.0 - 9.0,B4,12.5,7.6,,,,B4,12.5,7.6,,,,1.64,FALSE,TRUE,,,,,4,3,FALSE,"Newer rectifier - active sites, Anodes fair"
Drayton Valley,Obsidian,14-32-46-07 W5M,Rosecreek,Morley James ,TRUE,220261921,LG,18-Oct-22,2.5 - 3.5,C1,6.6,1.8,,,,C1,6.6,1.8,,,,3.67,TRUE,FALSE,,"Oct 2022 - Partial AC to rectifier,OBE to send electrician to check AC fuses",,,5,2,FALSE,"Newer rectifier - active sites, Anodes fair"
Drayton Valley,Obsidian,03-02-50-06 W5M,Tomahawk,Morley James ,TRUE,220261928,LG,18-Oct-22,7.0 - 8.0,C2,9.9,8.4,,,,C2,9.9,8.4,,,,1.18,FALSE,FALSE,,,,,4,4,FALSE,"Newer rectifier - active sites, Anodes fair"
Drayton Valley,Obsidian,04-27-50-06 W5M,Tomahawk,Morley James ,TRUE,220261928,LG,18-Oct-22,2.0 - 3.0,A3,4.4,3.1,1,2.1,,A3,4.4,3.1,1,2.1,,1.42,FALSE,FALSE,,Combo 0427,,,4,4,FALSE,"Newer rectifier - active sites, Anodes fair"
Drayton Valley,Obsidian,07-25-47-09 W5M,Violet Grove,Morley James ,TRUE,220261931,LG,20-Oct-22,2.0 - 4.0,B1,3.1,0.9,,,,B1,3.1,0.9,,,,3.44,TRUE,FALSE,,"Oct 2022 - Partial AC to rectifier,OBE to send electrician to check AC fuses",,,4,3,FALSE,"Newer rectifier - active sites, Anodes fair"
Drayton Valley,Obsidian,08-28-47-08 W5M,Violet Grove,Morley James ,TRUE,220261931,LG,12-Oct-22,18.0 - 20.0,B3,14.2,19.2,,,,B3,14.2,19.2,,,,0.74,FALSE,TRUE,,,,,5,5,FALSE,"Newer rectifier - active sites, Anodes good"
Drayton Valley,Obsidian,08-30-47-08 W5M,Violet Grove,Morley James ,TRUE,220261931,LG,12-Oct-22,10.0 - 12.0,B2,12.7,11.1,,,,B2,12.7,11.1,,,,1.14,FALSE,TRUE,,,,,5,5,FALSE,"Newer rectifier - active sites, Anodes good"
Drayton Valley,Obsidian,15-16-47-08 W5M,Violet Grove,Morley James ,TRUE,220261931,LG,12-Oct-22,4.0 - 6.0,C2,24.5,4.1,,,,C1,24.5,4.1,,,,5.98,FALSE,TRUE,,,,,5,2,FALSE,"Older rectifier-good, anodes fair - river gravel bed"
Drayton Valley,Obsidian,15-31-47-08 W5M,Violet Grove,Morley James ,FALSE,220261931,,,,,,,,,,,,,,,,--,FALSE,,,Rectifier Available ,,,Rectifier ,N/A,FALSE,Rectifier available 
Drayton Valley,Obsidian,16-27-47-08 W5M,Violet Grove,Morley James ,TRUE,220261931,LG,12-Oct-22,3.0 - 4.0,A5,0,0,,,,A5,0,0,,,,--,TRUE,FALSE,,Oct 2022 - Site vandalized again. No AC supply to site. CTL/OBE to review potential for anodes only to protect F/L's at OOS site,,,2,3,FALSE,May put site OOS and use anodes
